price,exec_price,target_weight,curr_weight,delta_units,trade_value,commission,slippage_frac,delta_abs_weight,cash,position,equity,step
97.73519900764582,97.73519900764582,0.0,0.0,0.0,0.0,0.0,0.0,0.0,100000.0,0.0,100000.0,0
97.63757279895744,97.63757279895744,0.0,0.0,0.0,0.0,0.0,0.0,0.0,100000.0,0.0,100000.0,1
97.61606310463218,97.61606310463218,0.0,0.0,0.0,0.0,0.0,0.0,0.0,100000.0,0.0,100000.0,2
98.46174898283651,98.46174898283651,0.0,0.0,0.0,0.0,0.0,0.0,0.0,100000.0,0.0,100000.0,3
97.71033102146399,97.71033102146399,0.0,0.0,0.0,0.0,0.0,0.0,0.0,100000.0,0.0,100000.0,4
96.4218077860177,96.4218077860177,0.0,0.0,0.0,0.0,0.0,0.0,0.0,100000.0,0.0,100000.0,5
95.30080232553509,95.30080232553509,0.0,0.0,0.0,0.0,0.0,0.0,0.0,100000.0,0.0,100000.0,6
96.22749590857273,96.22749590857273,0.0,0.0,0.0,0.0,0.0,0.0,0.0,100000.0,0.0,100000.0,7
97.53255279495332,97.53255279495332,0.0,0.0,0.0,0.0,0.0,0.0,0.0,100000.0,0.0,100000.0,8
97.60981469649283,97.60981469649283,0.0,0.0,0.0,0.0,0.0,0.0,0.0,100000.0,0.0,100000.0,9
97.56039224048851,97.56039224048851,0.0,0.0,0.0,0.0,0.0,0.0,0.0,100000.0,0.0,100000.0,10
97.0957407885739,97.0957407885739,0.0,0.0,0.0,0.0,0.0,0.0,0.0,100000.0,0.0,100000.0,11
96.8697254726418,96.8697254726418,0.0,0.0,0.0,0.0,0.0,0.0,0.0,100000.0,0.0,100000.0,12
96.468087116046,96.468087116046,0.0,0.0,0.0,0.0,0.0,0.0,0.0,100000.0,0.0,100000.0,13
97.6061503727883,97.6061503727883,0.0,0.0,0.0,0.0,0.0,0.0,0.0,100000.0,0.0,100000.0,14
100.04342415732835,100.04342415732835,0.0,0.0,0.0,0.0,0.0,0.0,0.0,100000.0,0.0,100000.0,15
99.60113210555862,99.60113210555862,0.0,0.0,0.0,0.0,0.0,0.0,0.0,100000.0,0.0,100000.0,16
99.91889209550526,99.91889209550526,0.0,0.0,0.0,0.0,0.0,0.0,0.0,100000.0,0.0,100000.0,17
100.40082260790679,100.40082260790679,0.0,0.0,0.0,0.0,0.0,0.0,0.0,100000.0,0.0,100000.0,18
99.592823185964,99.592823185964,0.0,0.0,0.0,0.0,0.0,0.0,0.0,100000.0,0.0,100000.0,19
99.5500610677733,99.5500610677733,0.0,0.0,0.0,0.0,0.0,0.0,0.0,100000.0,0.0,100000.0,20
99.83218437370893,99.83218437370893,0.0,0.0,0.0,0.0,0.0,0.0,0.0,100000.0,0.0,100000.0,21
99.60319887867405,99.60319887867405,0.0,0.0,0.0,0.0,0.0,0.0,0.0,100000.0,0.0,100000.0,22
99.35145932055387,99.35145932055387,0.0,0.0,0.0,0.0,0.0,0.0,0.0,100000.0,0.0,100000.0,23
99.01054484368198,99.01054484368198,0.0,0.0,0.0,0.0,0.0,0.0,0.0,100000.0,0.0,100000.0,24
99.19706373457642,99.19706373457642,0.0,0.0,0.0,0.0,0.0,0.0,0.0,100000.0,0.0,100000.0,25
98.74498883901752,98.74498883901752,0.0,0.0,0.0,0.0,0.0,0.0,0.0,100000.0,0.0,100000.0,26
99.30445561744945,99.30445561744945,0.0,0.0,0.0,0.0,0.0,0.0,0.0,100000.0,0.0,100000.0,27
98.29677796643253,98.29677796643253,0.0,0.0,0.0,0.0,0.0,0.0,0.0,100000.0,0.0,100000.0,28
99.89933477490311,99.89933477490311,0.0,0.0,0.0,0.0,0.0,0.0,0.0,100000.0,0.0,100000.0,29
98.79629458272903,98.79629458272903,0.0,0.0,0.0,0.0,0.0,0.0,0.0,100000.0,0.0,100000.0,30
99.6065741825367,99.6065741825367,0.0,0.0,0.0,0.0,0.0,0.0,0.0,100000.0,0.0,100000.0,31
99.42560292288495,99.42560292288495,0.0,0.0,0.0,0.0,0.0,0.0,0.0,100000.0,0.0,100000.0,32
98.97496633478035,98.97496633478035,0.0,0.0,0.0,0.0,0.0,0.0,0.0,100000.0,0.0,100000.0,33
100.68644035413641,100.68644035413641,0.0,0.0,0.0,0.0,0.0,0.0,0.0,100000.0,0.0,100000.0,34
100.30644089909124,100.30644089909124,0.0,0.0,0.0,0.0,0.0,0.0,0.0,100000.0,0.0,100000.0,35
100.11575098479157,100.11575098479157,0.0,0.0,0.0,0.0,0.0,0.0,0.0,100000.0,0.0,100000.0,36
100.86294529365783,100.86294529365783,0.0,0.0,0.0,0.0,0.0,0.0,0.0,100000.0,0.0,100000.0,37
101.71688630097482,101.71688630097482,0.0,0.0,0.0,0.0,0.0,0.0,0.0,100000.0,0.0,100000.0,38
101.56645385231889,101.56645385231889,0.0,0.0,0.0,0.0,0.0,0.0,0.0,100000.0,0.0,100000.0,39
101.5741719011896,101.5741719011896,0.0,0.0,0.0,0.0,0.0,0.0,0.0,100000.0,0.0,100000.0,40
102.21789928387595,102.21789928387595,0.0,0.0,0.0,0.0,0.0,0.0,0.0,100000.0,0.0,100000.0,41
102.65256895765549,102.65256895765549,0.0,0.0,0.0,0.0,0.0,0.0,0.0,100000.0,0.0,100000.0,42
103.91489627765509,103.91489627765509,0.0,0.0,0.0,0.0,0.0,0.0,0.0,100000.0,0.0,100000.0,43
104.20571431785672,104.20571431785672,0.0,0.0,0.0,0.0,0.0,0.0,0.0,100000.0,0.0,100000.0,44
104.0228662556944,104.0228662556944,0.0,0.0,0.0,0.0,0.0,0.0,0.0,100000.0,0.0,100000.0,45
103.85940536511549,103.85940536511549,0.0,0.0,0.0,0.0,0.0,0.0,0.0,100000.0,0.0,100000.0,46
103.3639274127373,103.3639274127373,0.0,0.0,0.0,0.0,0.0,0.0,0.0,100000.0,0.0,100000.0,47
105.01869661770262,105.01869661770262,0.0,0.0,0.0,0.0,0.0,0.0,0.0,100000.0,0.0,100000.0,48
105.93403551513525,105.93403551513525,0.0,0.0,0.0,0.0,0.0,0.0,0.0,100000.0,0.0,100000.0,49
107.09259453573287,107.09259453573287,0.0,0.0,0.0,0.0,0.0,0.0,0.0,100000.0,0.0,100000.0,50
107.02335110187381,107.02335110187381,0.0,0.0,0.0,0.0,0.0,0.0,0.0,100000.0,0.0,100000.0,51
106.72019057868314,106.72019057868314,0.0,0.0,0.0,0.0,0.0,0.0,0.0,100000.0,0.0,100000.0,52
105.56750232485237,105.56750232485237,0.0,0.0,0.0,0.0,0.0,0.0,0.0,100000.0,0.0,100000.0,53
105.81520578728643,105.81520578728643,0.0,0.0,0.0,0.0,0.0,0.0,0.0,100000.0,0.0,100000.0,54
106.99220662148392,106.99220662148392,0.0,0.0,0.0,0.0,0.0,0.0,0.0,100000.0,0.0,100000.0,55
106.40706118986228,106.40706118986228,0.0,0.0,0.0,0.0,0.0,0.0,0.0,100000.0,0.0,100000.0,56
105.8173823297905,105.8173823297905,0.0,0.0,0.0,0.0,0.0,0.0,0.0,100000.0,0.0,100000.0,57
102.96308514070209,102.96308514070209,0.0,0.0,0.0,0.0,0.0,0.0,0.0,100000.0,0.0,100000.0,58
104.30436504076503,104.30436504076503,0.0,0.0,0.0,0.0,0.0,0.0,0.0,100000.0,0.0,100000.0,59
99.79350041803033,99.79350041803033,0.0,0.0,0.0,0.0,0.0,0.0,0.0,100000.0,0.0,100000.0,60
100.66311391586513,100.66311391586513,0.0,0.0,0.0,0.0,0.0,0.0,0.0,100000.0,0.0,100000.0,61
100.87983738823073,100.87983738823073,0.0,0.0,0.0,0.0,0.0,0.0,0.0,100000.0,0.0,100000.0,62
100.86590354234299,100.86590354234299,0.0,0.0,0.0,0.0,0.0,0.0,0.0,100000.0,0.0,100000.0,63
100.96154557944395,100.96154557944395,0.0,0.0,0.0,0.0,0.0,0.0,0.0,100000.0,0.0,100000.0,64
100.29781743503534,100.29781743503534,0.0,0.0,0.0,0.0,0.0,0.0,0.0,100000.0,0.0,100000.0,65
100.32961902260647,100.32961902260647,0.0,0.0,0.0,0.0,0.0,0.0,0.0,100000.0,0.0,100000.0,66
99.06352974945584,99.06352974945584,0.0,0.0,0.0,0.0,0.0,0.0,0.0,100000.0,0.0,100000.0,67
98.54412285683522,98.54412285683522,0.0,0.0,0.0,0.0,0.0,0.0,0.0,100000.0,0.0,100000.0,68
99.05249329240213,99.05249329240213,0.0,0.0,0.0,0.0,0.0,0.0,0.0,100000.0,0.0,100000.0,69
99.29618281367392,99.29618281367392,0.0,0.0,0.0,0.0,0.0,0.0,0.0,100000.0,0.0,100000.0,70
99.82336933402159,99.82336933402159,0.0,0.0,0.0,0.0,0.0,0.0,0.0,100000.0,0.0,100000.0,71
99.21863057838173,99.21863057838173,0.0,0.0,0.0,0.0,0.0,0.0,0.0,100000.0,0.0,100000.0,72
99.67640047222977,99.67640047222977,0.0,0.0,0.0,0.0,0.0,0.0,0.0,100000.0,0.0,100000.0,73
100.42158290664133,100.42158290664133,0.0,0.0,0.0,0.0,0.0,0.0,0.0,100000.0,0.0,100000.0,74
101.73569718355826,101.73569718355826,0.0,0.0,0.0,0.0,0.0,0.0,0.0,100000.0,0.0,100000.0,75
101.99703549227883,101.99703549227883,0.0,0.0,0.0,0.0,0.0,0.0,0.0,100000.0,0.0,100000.0,76
103.73822395967976,103.73822395967976,0.0,0.0,0.0,0.0,0.0,0.0,0.0,100000.0,0.0,100000.0,77
103.77575681718103,103.77575681718103,0.0,0.0,0.0,0.0,0.0,0.0,0.0,100000.0,0.0,100000.0,78
103.2491948231216,103.2491948231216,0.0,0.0,0.0,0.0,0.0,0.0,0.0,100000.0,0.0,100000.0,79
105.19649754293027,105.19649754293027,0.0,0.0,0.0,0.0,0.0,0.0,0.0,100000.0,0.0,100000.0,80
105.02715262801527,105.02715262801527,0.0,0.0,0.0,0.0,0.0,0.0,0.0,100000.0,0.0,100000.0,81
104.95914139381644,104.95914139381644,0.0,0.0,0.0,0.0,0.0,0.0,0.0,100000.0,0.0,100000.0,82
104.5373402726276,104.5373402726276,0.0,0.0,0.0,0.0,0.0,0.0,0.0,100000.0,0.0,100000.0,83
104.23444418045717,104.23444418045717,0.0,0.0,0.0,0.0,0.0,0.0,0.0,100000.0,0.0,100000.0,84
105.4229194485307,105.4229194485307,0.0,0.0,0.0,0.0,0.0,0.0,0.0,100000.0,0.0,100000.0,85
105.54241322262112,105.54241322262112,0.0,0.0,0.0,0.0,0.0,0.0,0.0,100000.0,0.0,100000.0,86
106.20787334919966,106.20787334919966,0.0,0.0,0.0,0.0,0.0,0.0,0.0,100000.0,0.0,100000.0,87
104.74242150637663,104.74242150637663,0.0,0.0,0.0,0.0,0.0,0.0,0.0,100000.0,0.0,100000.0,88
104.33900161374439,104.33900161374439,0.0,0.0,0.0,0.0,0.0,0.0,0.0,100000.0,0.0,100000.0,89
104.10223781078398,104.10223781078398,0.0,0.0,0.0,0.0,0.0,0.0,0.0,100000.0,0.0,100000.0,90
104.0694877740836,104.0694877740836,0.0,0.0,0.0,0.0,0.0,0.0,0.0,100000.0,0.0,100000.0,91
104.85696046696631,104.85696046696631,0.0,0.0,0.0,0.0,0.0,0.0,0.0,100000.0,0.0,100000.0,92
104.84066193289121,104.84066193289121,0.0,0.0,0.0,0.0,0.0,0.0,0.0,100000.0,0.0,100000.0,93
105.10609922661209,105.10609922661209,0.0,0.0,0.0,0.0,0.0,0.0,0.0,100000.0,0.0,100000.0,94
105.4360137919523,105.4360137919523,0.0,0.0,0.0,0.0,0.0,0.0,0.0,100000.0,0.0,100000.0,95
105.35038280405944,105.35038280405944,0.0,0.0,0.0,0.0,0.0,0.0,0.0,100000.0,0.0,100000.0,96
105.46933000079927,105.46933000079927,0.0,0.0,0.0,0.0,0.0,0.0,0.0,100000.0,0.0,100000.0,97
104.17811917151877,104.17811917151877,0.0,0.0,0.0,0.0,0.0,0.0,0.0,100000.0,0.0,100000.0,98
103.7390864826008,103.7390864826008,0.0,0.0,0.0,0.0,0.0,0.0,0.0,100000.0,0.0,100000.0,99
103.28800595986951,103.64951398072905,1.0,0.0,964.7898592037046,100000.0,1.0,0.003,1.0,-1.0,964.7898592037046,99650.22072745391,100
104.38679427072461,104.33126626556408,1.0,1.01064824354606,-9.656999282260472,1007.5269634438785,1.0,3.194473063817993e-05,0.010648243546059977,1005.5269634438785,955.1328599214442,100708.7843132725,101
104.99289217182353,105.04672293179762,1.0,0.9957637961307546,3.57181455620173,375.2074140490848,1.0,1.2708611607736176e-05,0.004236203869245392,629.3195493947937,958.7046744776459,101286.49606144945,102
105.69259904139412,105.63962284881221,1.0,1.0004096567542575,0.0879956401487334,9.295826237651994,1.0,1.2289702627725774e-06,0.0004096567542575258,619.0237231571417,958.7926701177946,101956.31296974486,103
105.10053988146606,105.15675999699266,1.0,0.9883608413112742,10.77232002321648,1132.7822712921738,1.0,3.491747606617734e-05,0.011639158688725781,-514.7585481350321,969.5649901410111,101387.04536585356,104
105.12117221120563,105.06694824968142,1.0,1.0052744700349623,-4.589352655880475,482.18927799493184,1.0,1.582341010488686e-05,0.005274470034962286,-33.569270140100286,964.9756374851306,101405.80089755225,105
105.44880463328701,105.39498922091941,1.0,1.0034487827363268,-2.825523450822857,297.79601364293,1.0,1.0346348208980283e-05,0.003448782736326761,263.2267435028297,962.1501140343078,101720.80614620137,106
105.97446415696825,105.92071888855263,1.0,1.0023843364630998,-1.8015890849095513,190.82561101538934,1.0,7.153009389299303e-06,0.0023843364630997677,453.0523545182191,960.3485249493982,102225.47268996555,107
107.78226844502441,107.72431886510694,1.0,1.012551370936724,-11.394066319003628,1227.418033318522,1.0,3.7654112810171946e-05,0.012551370936723982,1679.470387836741,948.9544586303946,103959.93459004075,108
106.67016625682277,106.73191964287942,1.0,0.9736936664247833,25.074069460230817,2676.2035667493324,1.0,7.891900072565017e-05,0.026306333575216723,-997.7331789125913,974.0285280906254,102902.0518514028,109
107.27112358625514,107.21253712998863,1.0,1.015384365359701,-14.233576809504598,1526.0178821815568,1.0,4.615309607910301e-05,0.015384365359701002,527.2847032689656,959.7949512811208,103485.56753960981,110
106.63750131644647,106.69433011158374,1.0,0.9890281110125234,10.130699232658912,1080.8881681904782,1.0,3.2915666962429756e-05,0.010971888987476586,-554.6034649215126,969.9256505137797,102875.84436859687,111
106.89739728374204,106.84143393246458,1.0,1.007841327913444,-7.042239255694199,752.4029401738603,1.0,2.352398374033182e-05,0.00784132791344394,196.79947525234775,962.8834112580855,103126.5300264327,112
107.91006912089564,107.85367092737214,1.0,1.0075468983353906,-6.712618556209463,723.9805528223873,1.0,2.2640695006171717e-05,0.007546898335390573,919.780028074735,956.170792701876,104100.23635991575,113
108.67400107178247,108.72893101952562,1.0,0.9981812662905933,1.2582501829598414,136.80819734834608,1.0,5.456201128219984e-06,0.0018187337094066613,781.9718307263889,957.4290428848359,104829.6166633487,114
108.93516102178236,108.99128688886616,1.0,0.9949257688171619,4.387444062777263,478.19317455500914,1.0,1.5222693548514356e-05,0.005074231182838118,302.7786561713798,961.8164869476132,105078.41253521465,115
109.19923255924688,109.25398428659112,1.0,0.9995356772478072,-0.03542952112388775,3.870816344150681,1.0,1.3929682565783087e-06,0.00046432275219276953,305.6494725155305,961.7810574264893,105331.40283350911,116
110.01056694981044,109.95407437656844,1.0,1.004506505778884,-3.8228968878238447,420.34308873773506,1.0,1.3519517336652022e-05,0.004506505778884007,724.9925612532655,957.9581605386654,106110.51291630938,117
110.63568399270216,110.69139644462263,1.0,0.9988110830373342,0.6575614103751377,72.78639076251956,1.0,3.566750887997294e-06,0.0011889169626657647,651.206170490746,958.6157219490406,106708.31225448083,118
111.25611419026085,111.31191882122984,1.0,0.9994709687788482,0.02656348184370927,2.956832134596179,1.0,1.5870936634553302e-06,0.0005290312211517767,647.2493383561498,958.6422854308843,107302.06491386725,119
113.42079442800224,113.35955604479673,1.0,1.0133073363790857,-12.078372711745942,1369.1989683471077,1.0,3.9922009137256966e-05,0.013307336379085655,2015.4483067032575,946.5639127191383,109375.4792641861,120
114.29238215189885,114.35326019308451,1.0,0.9891160721900168,9.906231459580567,1132.809863630336,1.0,3.2651783429949457e-05,0.010883927809983152,881.6384430729215,956.4701441787189,110198.88967842885,121
113.13359766016038,113.19629338827154,1.0,0.9819419123117752,17.05015741312411,1930.0146208522099,1.0,5.4174263064674434e-05,0.01805808768822481,-1049.3761777792884,973.520301591843,109088.47793651027,122
112.62970040430211,112.57165466687418,1.0,1.0051226488796559,-4.462164716014399,502.31326547788365,1.0,1.5367946638967566e-05,0.005122648879655856,-548.0629123014047,969.0581368758286,108596.66471837436,123
114.36050585393302,114.2962953288347,1.0,1.020491550291956,-18.92528781070621,2163.0902847956722,1.0,6.147465087586812e-05,0.02049155029195604,1614.0273724942676,950.1328490651224,110271.70062002026,124
112.68421264793122,112.75038540944978,1.0,0.9709197500886363,27.88332550999553,3143.855697749139,1.0,8.724074973409113e-05,0.02908024991136371,-1530.8283252548713,978.0161745751179,108676.15426368394,125
113.05885046470677,112.99639981424787,1.0,1.0174576491275682,-16.24965420514036,1836.1524234073142,1.0,5.237294738270459e-05,0.017457649127568198,304.32409815244296,961.7665203699776,109040.54130662308,126
113.84112602354936,113.78280215738975,1.0,1.0041089519428026,-3.4447068871891133,391.9484022352368,1.0,1.2326855828407757e-05,0.004108951942802586,695.2725003876798,958.3218134827885,109791.70684019817,127
113.36120083336179,113.42145969103828,1.0,0.9894783011191757,9.675840041265928,1097.4479012173776,1.0,3.156509664247298e-05,0.010521698880824326,-403.1754008296979,967.9976535240544,109330.20100653359,128
114.51727701790202,114.45523494998768,1.0,1.013923457752252,-12.775281613267794,1462.197858598823,1.0,4.177037325675603e-05,0.013923457752252011,1058.0224577691251,955.2223719107866,110447.4874355741,129
115.44425101576469,115.50251422962359,1.0,0.9984376633562463,1.0121150372647207,116.90183149368441,1.0,4.6870099312611435e-06,0.0015623366437537145,940.1206262754407,956.2344869480513,111331.89476743725,130
116.69697985055276,116.6378207474274,1.0,1.0023154361010531,-1.7251000784169719,201.21191371777172,1.0,6.946308303159343e-06,0.0023154361010531144,1140.3325399932123,954.5093868696343,112528.6952266824,131
117.37593607818393,117.43616444706342,1.0,0.9956254496112833,3.702214782315423,434.7739039943431,1.0,1.3123651166150107e-05,0.0043745503887167025,704.5586359988692,958.2116016519498,113175.54234087236,132
116.75021171918165,116.81262280396662,1.0,0.9884768833507936,10.652375752290482,1244.3319507184283,1.0,3.456934994761907e-05,0.011523116649206355,-540.773314719559,968.8639774042402,112574.30117431392,133
116.78022590033157,116.72006235707897,1.0,1.0050620165322155,-4.382817088218644,511.56268383655146,1.0,1.518604959664649e-05,0.005062016532215496,-30.210630883007582,964.4811603160216,112602.1171474359,134
117.1665249823606,117.10668437141258,1.0,1.0035770980861753,-2.946660796678316,345.0736758662227,1.0,1.0731294258526036e-05,0.0035770980861753454,313.8630449832151,961.5344995193433,112973.51900431795,135
117.04001064872445,117.09988421563587,1.0,0.9961450174758083,3.22750482457775,377.9404412634606,1.0,1.156494757257509e-05,0.003854982524191697,-65.07739628024552,964.762004343921,112850.677865617,136
116.76452650291358,116.8235317456336,1.0,0.998221550422265,1.2306871913176565,143.77322416384288,1.0,5.335348733204959e-06,0.0017784495777349862,-209.8506204440884,965.9926915352387,112583.82861194311,137
117.38746360439431,117.32623117618449,1.0,1.0072088799765202,-6.413341859545881,752.453229624981,1.0,2.1626639929560598e-05,0.007208879976520199,541.6026091808926,959.5793496756928,113184.18859476464,138
117.02948343434348,117.09074372692903,1.0,0.9921798883841979,7.057166518319946,826.3288762348648,1.0,2.3460334847406285e-05,0.007820111615802094,-285.72626705397215,966.6365161940128,112839.24589190472,139
116.65988826275083,116.71844008729066,1.0,0.9993660191412038,0.12799682993795614,14.939590326476464,1.0,1.9019425763885378e-06,0.0006339808587961793,-301.66585738044864,966.7645130239507,112480.97420838637,140
116.76922357305544,116.70957026751512,1.0,1.0036216556468358,-2.9962980389773293,349.69665652244237,1.0,1.0864966940507426e-05,0.0036216556468358085,47.030799141993725,963.7682149849734,112585.49696732692,141
116.46462734356122,116.52391663528202,1.0,0.9969748238209435,2.432546355015802,283.44982868332045,1.0,9.075528537169531e-06,0.00302517617905651,-237.41902954132672,966.2007613399892,112290.79257898564,142
117.87498941039232,117.81101286022921,1.0,1.0142497162548127,-13.057333974609946,1538.2977408030802,1.0,4.274914876443825e-05,0.01424971625481275,1299.8787112617533,953.1434273653792,113651.65011854087,143
118.4529769523753,118.51454528531652,1.0,0.9934099180809041,5.824519100022826,690.2902326448462,1.0,1.9770245757287806e-05,0.006590081919095936,608.5884786169071,958.9679464654021,114201.19653934984,144
117.74555882404756,117.80841237141061,1.0,0.9887305927833401,10.412713544781013,1226.7052511889344,1.0,3.380822164997976e-05,0.011269407216659921,-619.1167725720273,969.3806600101831,113521.15075355103,145
116.45689464456359,116.51706224374678,1.0,0.9944495862129207,4.907127267456303,571.7640532601931,1.0,1.665124136123797e-05,0.005550413787079322,-1191.8808258322206,974.2877872776394,112270.64937064481,146
117.135582648808,117.07121460367847,1.0,1.0165058122503736,-15.293300454256155,1790.4052594787556,1.0,4.951743675112086e-05,0.01650581225037362,597.524433646535,958.9944868233832,112929.90240469816,147
117.35603880247514,117.41592054545178,1.0,0.9965809923725091,2.79929616691345,328.6819363174974,1.0,1.0257022882472766e-05,0.003419007627490922,267.84249732903766,961.7937829902967,113140.15101391765,148
117.1474127989616,117.20744177898011,1.0,0.9958591385438327,3.5045743210743012,410.7621906974249,1.0,1.2422584368501966e-05,0.004140861456167322,-143.91969336838724,965.298357311371,112938.28544474632,149
118.43114315938048,118.36757647489743,1.0,1.0122465335476352,-11.1664167229153,1321.7416854002504,1.0,3.673960064290549e-05,0.012246533547635163,1176.8219920318631,954.1319405884557,114175.75844080077,150
117.75152114826386,117.81604421383868,1.0,0.9840134973895392,14.970011549483047,1763.7075425955704,1.0,4.795950783138225e-05,0.01598650261046075,-587.8855505637073,969.1019521379387,113525.34346143059,151
117.0270378575009,117.08590458297257,1.0,0.9989939460447894,0.4882292402236317,57.16476223544134,1.0,3.018161865631752e-06,0.001006053955210584,-646.0503127991486,969.5901813781624,112822.21654960421,152
117.1643735822366,117.10336379872217,1.0,1.006906526984539,-6.148885673595032,720.0551959917499,1.0,2.071958095361692e-05,0.006906526984538974,73.00488319260126,963.4412957045673,112954.00077767661,153
117.87727054621291,117.81641015842447,1.0,1.005434331562038,-4.712366298294569,555.1940806166094,1.0,1.630299468611396e-05,0.005434331562037986,627.1989638092107,958.7289294062728,113639.54835591347,154
117.74066575652135,117.80189267112733,1.0,0.9933283268144694,5.937645800340761,699.4659132909122,1.0,2.001501955659191e-05,0.0066716731855306355,-73.26694948170154,964.6665752066135,113507.21784840836,155
117.40429845879095,117.46378012921566,1.0,0.9977867897355488,1.6501713134209695,193.83536033521978,1.0,6.639630793353613e-06,0.002213210264451204,-268.1023098169213,966.3167465200345,113181.63740434904,156
117.05016728474338,117.1089222683447,1.0,0.9993452950864697,0.14793620502177873,17.32464953456939,1.0,1.964114740590772e-06,0.0006547049135302574,-286.4269593514907,966.4646827250563,112838.42582841279,157
116.86546614836715,116.80669810128173,1.0,1.0009564103131745,-0.4376683275436335,51.122592203882085,1.0,2.869230939523515e-06,0.000956410313174505,-236.30436714760864,966.0270143975126,112658.8929823331,158
116.73712979423094,116.6784120466138,1.0,1.0009970627187004,-0.47656675064956744,55.605051700006086,1.0,2.99118815610111e-06,0.00099706271870037,-181.69931544760254,965.5504476468631,112533.88861438203,159
117.25591739287242,117.19515565992629,1.0,1.0060658608882578,-5.323994764033955,623.9463951035918,1.0,1.819758266477334e-05,0.006065860888257779,441.2470796559893,960.2264528828291,113033.4807173359,160
117.4655617091507,117.52504253770009,1.0,0.997877256721227,1.5556343780764337,182.8259964565415,1.0,6.368229836319128e-06,0.0021227432787730427,257.4210831994478,961.7820872609055,113233.69420510111,161
117.51038798333305,117.56981038367731,1.0,0.9981073833441834,1.3367085896132949,157.1565754190678,1.0,5.677849967449911e-06,0.0018926166558166369,99.26450778038003,963.1187958505188,113275.72788221537,162
117.1849811278973,117.24485435326153,1.0,0.9963569427072828,3.027893546296127,355.00493783266995,1.0,1.0929171878151567e-05,0.003643057292717189,-256.7404300522899,966.146689396815,112961.14113369393,163
117.28397689599097,117.22423729739687,1.0,1.0031195228741823,-2.51370923834736,294.6676482526897,1.0,9.358568622546803e-06,0.003119522874182268,36.92721820039975,963.6329801584676,113055.63539932105,164
116.88254328006326,116.9422988701074,1.0,0.9962517402307646,3.1312830008926085,366.1794325372702,1.0,1.1244779307706287e-05,0.003748259769235429,-330.25221433687045,966.7642631593602,112667.61361600552,165
115.89940424072532,115.95926794824894,1.0,0.9944952106935921,4.849438871662983,562.3373815178218,1.0,1.651436791922356e-05,0.0055047893064078535,-893.5895958546922,971.6137020310232,111715.8596216665,166
116.96417286375602,116.89963463113327,1.0,1.017259262794144,-15.957510511038777,1865.4271483629018,1.0,5.177778838243175e-05,0.017259262794143915,970.8375525082096,955.6561915199844,112748.3735357704,167
116.27607936420131,116.33925551034625,1.0,0.9855570567039205,13.478199457302594,1568.0436904825367,1.0,4.332882988823861e-05,0.014442943296079536,-598.2061379743271,969.134390977287,112088.9412218776,168
115.3819792064506,115.44049873400937,1.0,0.9976063912197277,1.8328384708963767,211.58378717915684,1.0,7.180826340816848e-06,0.0023936087802722827,-810.789925153484,970.9672294481834,111221.33075318176,169
115.29342369859512,115.23352295960382,1.0,1.006516784362589,-5.785154851961693,666.6437744583911,1.0,1.9550353087767202e-05,0.006516784362589068,-145.14615069509284,965.1820745962217,111133.99972201615,170
116.10684032041601,116.04587130167484,1.0,1.008370447348085,-7.509057233024919,871.3950892605203,1.0,2.5111342044255025e-05,0.008370447348085008,725.2489385654275,957.6730173631968,111917.63704472511,171
116.57700203531111,116.63614984452323,1.0,0.9975429453509344,1.8720052898320318,218.34348949458902,1.0,7.371163947196946e-06,0.0024570546490656486,505.9054490708385,959.5450226530288,112366.78750786562,172
118.25593111167811,118.1933140830655,1.0,1.0098347796003975,-8.841606139172882,1045.0187314060206,1.0,2.950433880119241e-05,0.00983477960039747,1549.924180476859,950.7034165138559,113976.24191137642,173
116.8104680433513,116.87786381141092,1.0,0.9743443825753314,24.47048036094975,2860.05747102689,1.0,7.69668522740058e-05,0.025655617424668598,-1311.1332905500312,975.1738968748057,112599.38602705482,174
114.86210736038309,114.9213404854618,1.0,0.9947703339249447,4.621374842367459,531.0945917706581,1.0,1.5688998225165785e-05,0.0052296660750552615,-1843.2278823206893,979.7952717171731,110698.12180885297,175
114.63501751918544,114.57266491168636,1.0,1.0146409559907332,-13.612614674325414,1559.6335396533902,1.0,4.3922867972199686e-05,0.014640955990733229,-284.5943426672991,966.1826570428477,110473.77147417268,176
112.68212626863625,112.74337018427421,1.0,0.9854965093223179,13.686680671716204,1543.0825055652508,1.0,4.351047203304626e-05,0.014503490677682085,-1828.67684823255,979.8693377145639,108585.08359088491,177
113.63931993381226,113.57381414374372,1.0,1.025478652126998,-23.79434446431401,2702.4144558622165,1.0,7.643595638099421e-05,0.02547865212699807,872.7376076296666,956.0749932502499,109520.4496463122,178
114.1998597781003,114.2580133396395,1.0,0.996924597361742,2.4612743177448237,281.2203138294002,1.0,9.22620791477402e-06,0.003075402638258007,590.5172938002664,958.5362675679947,110055.2246422889,179
114.61317166478881,114.67108542538412,1.0,0.9982341332615143,1.2106837582946355,138.83042067052924,1.0,5.297600215456999e-06,0.0017658667384856663,450.6868731297372,959.7469513262894,110450.32896024745,180
114.17179682241468,114.2315939803328,1.0,0.9920842695470368,7.151304328478318,816.9048924805318,1.0,2.3747191358889697e-05,0.007915730452963232,-367.2180193507946,966.8982556547677,110025.2931732125,181
114.31745046898007,114.25870813481521,1.0,1.0046175771178798,-3.949391893833649,451.252415707544,1.0,1.3852731353639403e-05,0.004617577117879801,83.03439635674943,962.948863760934,110164.89343350795,182
114.84221574791793,114.78347398904347,1.0,1.0038332332522297,-3.1861940579450447,365.7224227741799,1.0,1.1499699756689186e-05,0.0038332332522297285,447.75681913092933,959.762669702989,110669.0283999593,183
114.15566460063557,114.21616708027508,1.0,0.9900000659883383,9.180967866088736,1048.6149597518277,1.0,2.999980203498498e-05,0.00999993401166166,-601.8581406208983,968.9436375690777,110008.54676663454,184
114.72594998373344,114.66497519748506,1.0,1.0104940258562014,-9.552624078086751,1095.3514029847158,1.0,3.148207756860422e-05,0.010494025856201405,492.4932623638175,959.391013490991,110559.53869097459,185
115.68606627187918,115.62687771185844,1.0,1.0038769488500456,-3.215936563908599,371.8487038041538,1.0,1.163084655013691e-05,0.003876948850045636,863.3419661679713,956.1750769270824,111479.4752830736,186
117.59548566831164,117.5336423359374,1.0,1.0086329548076731,-7.685154659206432,903.2642190115317,1.0,2.5898864423019365e-05,0.008632954807673121,1765.606185179503,948.489922267876,113303.73924576954,187
117.59320625767327,117.65750693851302,1.0,0.9843979713735289,14.506338608034525,1706.7796354272416,1.0,4.680608587941326e-05,0.015602028626471087,57.82654975226137,962.9962608759105,113299.64448030134,188
117.05844753647918,117.11875216080965,1.0,0.99494440427099,4.394890327062626,514.7240709891873,1.0,1.516678718703013e-05,0.005055595729010043,-457.89752123692597,967.3911512029731,112783.4087991105,189
117.01775917118722,116.95794754307754,1.0,1.0037109709766092,-3.083798275370441,360.674716924209,1.0,1.1132912929827654e-05,0.003710970976609218,-98.22280431271696,964.3073529276027,112742.86278757454,190
116.37958952255491,116.4393808706344,1.0,0.9954128459443763,3.9463593867325244,459.5116436841516,1.0,1.376146216687113e-05,0.00458715405562371,-558.7344479968685,968.2537123143352,112126.23514483543,191
117.40518328931309,117.34160621562752,1.0,1.0138394856295894,-12.6997637959239,1490.2106823727852,1.0,4.1518456888768096e-05,0.013839485629589365,930.4762343759166,955.5539485184113,113117.46270300684,192
117.71964698850856,117.78047367295531,1.0,0.9944306635784605,4.855355124768153,571.866026445604,1.0,1.6708009264618352e-05,0.00556933642153945,357.61020793031264,960.4093036431794,113416.65439728471,193
118.38592578126483,118.32584884290827,1.0,1.002488965531148,-1.898078020290427,224.59169292093165,1.0,7.466896593443906e-06,0.0024889655311479686,581.2019008512443,958.511225622889,114055.44071795177,194
120.55297652825772,120.48795655506514,1.0,1.013115907116919,-11.89843560659881,1433.6181924411176,1.0,3.93477213507567e-05,0.013115907116918901,2013.820093292362,946.6127900162902,116130.80954947475,195
121.10034330661625,121.16557251671223,1.0,0.9871207674701434,11.834458136290095,1433.9288955086527,1.0,3.8637697589569696e-05,0.012879232529856566,578.8911977837092,958.4472481525803,116647.18199034281,196
121.82604361183529,121.76476508971318,1.0,1.0010000607022518,-0.47568795287770627,57.92203183816046,1.0,3.0001821067553448e-06,0.0010000607022517816,635.8132296218697,957.9715601997026,117341.69830140873,197
120.85365765884892,120.91892720919935,1.0,0.9866430148804001,12.444742769957998,1504.804945137761,1.0,4.007095535879979e-05,0.013356985119599929,-869.9917155158913,970.4163029696606,116408.36795014529,198
120.23041807678712,120.16948117712207,1.0,1.0022780996684078,-1.7147091051846246,206.05570353972357,1.0,6.834299005223255e-06,0.0022780996684077515,-664.9360119761677,968.701593864476,115802.46160999981,199
121.35349942264675,121.28731199970824,1.0,1.0151366963826138,-13.923557310426645,1688.750839655535,1.0,4.541008914784151e-05,0.015136696382613835,1022.8148276793672,954.7780365540493,116888.47073539699,200
122.93016131865875,122.86717377082037,1.0,1.0041282713228143,-3.4379255377028812,422.408194452081,1.0,1.2384813968443043e-05,0.0041282713228143475,1444.2230221314483,951.3401110163464,118392.61633828164,201
122.85933280283206,122.92546837382164,1.0,0.9872322694016487,11.785089192324676,1448.6876087937742,1.0,3.830319179505404e-05,0.012767730598351346,-5.464586662325928,963.1252002086711,118323.45491656904,202
122.34421813942353,122.40691223352212,1.0,0.9958532707905683,3.515104309730191,430.27306473281885,1.0,1.244018762829513e-05,0.00414672920943171,-436.7376513951448,966.6403045184013,117826.11462696294,203
123.33178982280195,123.26575479181906,1.0,1.0118086236532102,-10.769675032077316,1327.5321216916186,1.0,3.542587095963068e-05,0.011808623653210226,889.7944702964738,955.870629486324,118779.03004389319,204
123.5036667997673,123.56768171435957,1.0,0.9938919999947609,5.376101017725773,664.3123394225829,1.0,1.8324000015717434e-05,0.006108000005239145,224.48213087389092,961.2467305040498,118941.97804741177,205
122.58971621680075,122.65442159975576,1.0,0.9907264520171921,8.485762593847767,1040.8163027812411,1.0,2.7820643948423652e-05,0.009273547982807884,-817.3341719073502,969.7324930978975,118061.8969631746,206
122.846241869744,122.78149085503208,1.0,1.009029970382503,-8.171461862577985,1003.3042699523622,1.0,2.7089911147508917e-05,0.009029970382502972,184.97009804501204,961.5610312353195,118309.12911369956,207
122.2044556938886,122.26804340784187,1.0,0.9932204160309364,6.059990711217893,740.9432073303078,1.0,2.0338751907190923e-05,0.006779583969063641,-556.9731092852958,967.6210219465374,117690.62719565556,208
122.73087599342165,122.66617450691996,1.0,1.0090606064637595,-8.182711681010346,1003.7419390026275,1.0,2.7181819391278505e-05,0.009060606463759502,445.76882971733176,959.4383102655271,118198.47311025373,209
122.9915155338884,123.05362220299162,1.0,0.9983442995135735,1.106133645853788,136.11375176290977,1.0,4.967101459279477e-06,0.0016557004864264924,308.655077954422,960.5444439113809,118447.47197227122,210
122.95865432416373,123.0211931832734,1.0,0.9971276741942174,2.277236705971063,280.1483767293073,1.0,8.616977417347683e-06,0.0028723258057825607,27.506701225114682,962.821680617352,118414.76490406446,211
122.90070393168003,122.96241365875763,1.0,0.9992965185078382,0.1942636913398701,23.887132373410317,1.0,2.1104444764854512e-06,0.0007034814921618171,2.619568851704365,963.0159443086918,118357.9570218215,212
122.68227575768482,122.74427914682015,1.0,0.998200633160168,1.248605082225481,153.25913075682277,1.0,5.398100519495852e-06,0.0017993668398319507,-151.6395619051184,964.2645493909173,118146.5297898311,213
123.14127786628082,123.07784914435142,1.0,1.0050296781833288,-4.331217672848652,533.0769553502153,1.0,1.5089034549986337e-05,0.0050296781833287785,380.43739344509686,959.9333317180686,118587.85452764451,214
122.36059227795447,122.42526993868711,1.0,0.9904725191650372,8.721706470007575,1067.7572689166714,1.0,2.8582442504888395e-05,0.009527480834962798,-688.3198754715745,968.6550381880762,117836.88431024604,215
122.04652679919378,121.98431007449166,1.0,1.0032595801339912,-2.65470389682946,323.83222330680616,1.0,9.778740401973574e-06,0.003259580133991191,-365.48765216476835,966.0003342912468,117531.49803494204,216
121.38001872639587,121.44157115815602,1.0,0.9976316189819764,1.8025104354422865,218.89969930908325,1.0,7.1051430540708396e-06,0.002368381018023613,-585.3873514738516,967.802844726689,116886.54006491086,217
121.54980292008182,121.48668917381983,1.0,1.0064139547350481,-5.6683025821351976,688.6233139390191,1.0,1.9241864205144398e-05,0.006413954735048133,102.23596246516752,962.1345421445538,117049.49994273884,218
124.29381663325667,124.22358488654237,1.0,1.0216820611479778,-19.885934123426978,2470.302025629721,1.0,6.504618344393332e-05,0.02168206114797777,2571.5379880948885,942.2486080211269,119687.21369641417,219
126.01429150895747,126.08030065138212,1.0,0.9920591105601203,7.044922197799792,888.2259087641935,1.0,2.3822668319639084e-05,0.007940889439879695,1682.312079330695,949.2935302189267,121306.86372390584,220
120.11161833328099,120.19331582799828,1.0,0.9399400717128473,59.97111056609924,7208.12663282697,1.0,0.00018017978486145804,0.060059928287152675,-5526.814553496275,1009.2646407850259,115697.5947777507,221
117.88828604483552,117.81930676955753,1.0,1.0283746943604046,-27.272826794443517,3213.265546567549,1.0,8.512408308121389e-05,0.02837469436040463,-2314.549006928726,981.9918139905824,113450.78285447997,222
115.88413506658803,115.82513123655175,1.0,1.003054092211359,-2.4912371876311,288.54787419875026,1.0,9.162276634077316e-06,0.003054092211359105,-2027.0011327299758,979.5005768029513,111481.57600730412,223
111.01909728839475,111.08278767617247,1.0,0.9754371414968237,24.08943330999432,2675.9214056134156,1.0,7.36885755095289e-05,0.0245628585031763,-4703.922538343391,1003.5900101129456,106713.73443204678,224
109.05150262626748,108.98860971314348,1.0,1.0255755663130584,-24.462606681377224,2666.1454921627583,1.0,7.672669893917506e-05,0.02557556631305835,-2038.777046180633,979.1274034315684,104736.5375605875,225
108.2700706964614,108.2119857849298,1.0,1.012160566498146,-11.24443925835476,1216.7831011845917,1.0,3.648169949443769e-05,0.012160566498145897,-822.9939449960414,967.8829641732136,103969.76301193843,226
108.42702709449827,108.36976346749071,1.0,1.0093768547751905,-8.484699516783166,919.4848797265245,1.0,2.8130564325571373e-05,0.009376854775190457,95.4909347304831,959.3982646564305,104120.19257104788,227
108.3869510628574,108.44156282404313,1.0,0.9987136038972495,0.7519753395839643,81.54538102962563,1.0,3.859188308251493e-06,0.0012863961027504978,12.945553700857474,960.1502399960144,104080.70262913968,228
108.45409897158463,108.39971084719498,1.0,1.000495063212269,0.0064044793240327635,0.6942437068519903,1.0,1.485189636807327e-06,0.000495063212269109,11.251309994005483,960.1566444753385,104144.17505814697,229
106.79258851930034,106.4237567101536,0.0,0.984573677695147,-960.1566444753385,102183.47713528086,1.0,0.0029537210330854414,0.984573677695147,102193.72844527487,0.0,102193.72844527487,230
107.12992016931994,107.12992016931994,0.0,0.0,0.0,0.0,0.0,0.0,0.0,102193.72844527487,0.0,102193.72844527487,231
109.20246608126025,109.20246608126025,0.0,0.0,0.0,0.0,0.0,0.0,0.0,102193.72844527487,0.0,102193.72844527487,232
108.01504586121797,108.01504586121797,0.0,0.0,0.0,0.0,0.0,0.0,0.0,102193.72844527487,0.0,102193.72844527487,233
112.15014006862027,112.15014006862027,0.0,0.0,0.0,0.0,0.0,0.0,0.0,102193.72844527487,0.0,102193.72844527487,234
113.18368276242512,113.18368276242512,0.0,0.0,0.0,0.0,0.0,0.0,0.0,102193.72844527487,0.0,102193.72844527487,235
111.6600323659617,111.6600323659617,0.0,0.0,0.0,0.0,0.0,0.0,0.0,102193.72844527487,0.0,102193.72844527487,236
110.98061837156503,110.98061837156503,0.0,0.0,0.0,0.0,0.0,0.0,0.0,102193.72844527487,0.0,102193.72844527487,237
110.62010520965961,110.62010520965961,0.0,0.0,0.0,0.0,0.0,0.0,0.0,102193.72844527487,0.0,102193.72844527487,238
111.92408609755955,111.92408609755955,0.0,0.0,0.0,0.0,0.0,0.0,0.0,102193.72844527487,0.0,102193.72844527487,239
108.28133119341221,108.28133119341221,0.0,0.0,0.0,0.0,0.0,0.0,0.0,102193.72844527487,0.0,102193.72844527487,240
107.09658451386639,107.09658451386639,0.0,0.0,0.0,0.0,0.0,0.0,0.0,102193.72844527487,0.0,102193.72844527487,241
110.31364453804842,110.31364453804842,0.0,0.0,0.0,0.0,0.0,0.0,0.0,102193.72844527487,0.0,102193.72844527487,242
110.8134533943157,110.8134533943157,0.0,0.0,0.0,0.0,0.0,0.0,0.0,102193.72844527487,0.0,102193.72844527487,243
111.13178275441862,111.13178275441862,0.0,0.0,0.0,0.0,0.0,0.0,0.0,102193.72844527487,0.0,102193.72844527487,244
111.6233676858124,111.6233676858124,0.0,0.0,0.0,0.0,0.0,0.0,0.0,102193.72844527487,0.0,102193.72844527487,245
110.6591808054967,110.6591808054967,0.0,0.0,0.0,0.0,0.0,0.0,0.0,102193.72844527487,0.0,102193.72844527487,246
110.94372656771002,110.94372656771002,0.0,0.0,0.0,0.0,0.0,0.0,0.0,102193.72844527487,0.0,102193.72844527487,247
112.33116679831541,112.33116679831541,0.0,0.0,0.0,0.0,0.0,0.0,0.0,102193.72844527487,0.0,102193.72844527487,248
112.01932614012186,112.01932614012186,0.0,0.0,0.0,0.0,0.0,0.0,0.0,102193.72844527487,0.0,102193.72844527487,249
112.08250897805814,112.08250897805814,0.0,0.0,0.0,0.0,0.0,0.0,0.0,102193.72844527487,0.0,102193.72844527487,250
111.7233441423816,111.7233441423816,0.0,0.0,0.0,0.0,0.0,0.0,0.0,102193.72844527487,0.0,102193.72844527487,251
114.11402786974844,114.11402786974844,0.0,0.0,0.0,0.0,0.0,0.0,0.0,102193.72844527487,0.0,102193.72844527487,252
115.55665520343008,115.55665520343008,0.0,0.0,0.0,0.0,0.0,0.0,0.0,102193.72844527487,0.0,102193.72844527487,253
116.01342034192217,116.01342034192217,0.0,0.0,0.0,0.0,0.0,0.0,0.0,102193.72844527487,0.0,102193.72844527487,254
115.18498047728541,115.18498047728541,0.0,0.0,0.0,0.0,0.0,0.0,0.0,102193.72844527487,0.0,102193.72844527487,255
114.74383188248338,114.74383188248338,0.0,0.0,0.0,0.0,0.0,0.0,0.0,102193.72844527487,0.0,102193.72844527487,256
114.42478716596216,114.42478716596216,0.0,0.0,0.0,0.0,0.0,0.0,0.0,102193.72844527487,0.0,102193.72844527487,257
114.55713949125328,114.55713949125328,0.0,0.0,0.0,0.0,0.0,0.0,0.0,102193.72844527487,0.0,102193.72844527487,258
112.535484726009,112.535484726009,0.0,0.0,0.0,0.0,0.0,0.0,0.0,102193.72844527487,0.0,102193.72844527487,259
112.79408482320952,112.79408482320952,0.0,0.0,0.0,0.0,0.0,0.0,0.0,102193.72844527487,0.0,102193.72844527487,260
111.83153742041098,111.83153742041098,0.0,0.0,0.0,0.0,0.0,0.0,0.0,102193.72844527487,0.0,102193.72844527487,261
111.63972800839052,111.63972800839052,0.0,0.0,0.0,0.0,0.0,0.0,0.0,102193.72844527487,0.0,102193.72844527487,262
111.9515850326694,111.9515850326694,0.0,0.0,0.0,0.0,0.0,0.0,0.0,102193.72844527487,0.0,102193.72844527487,263
111.88990704475155,111.88990704475155,0.0,0.0,0.0,0.0,0.0,0.0,0.0,102193.72844527487,0.0,102193.72844527487,264
112.36054498491339,112.36054498491339,0.0,0.0,0.0,0.0,0.0,0.0,0.0,102193.72844527487,0.0,102193.72844527487,265
113.34904781154198,113.34904781154198,0.0,0.0,0.0,0.0,0.0,0.0,0.0,102193.72844527487,0.0,102193.72844527487,266
114.52181070181608,114.52181070181608,0.0,0.0,0.0,0.0,0.0,0.0,0.0,102193.72844527487,0.0,102193.72844527487,267
114.87639218039278,114.87639218039278,0.0,0.0,0.0,0.0,0.0,0.0,0.0,102193.72844527487,0.0,102193.72844527487,268
115.21743254095476,115.21743254095476,0.0,0.0,0.0,0.0,0.0,0.0,0.0,102193.72844527487,0.0,102193.72844527487,269
116.98303371185136,116.98303371185136,0.0,0.0,0.0,0.0,0.0,0.0,0.0,102193.72844527487,0.0,102193.72844527487,270
117.60696398313979,117.60696398313979,0.0,0.0,0.0,0.0,0.0,0.0,0.0,102193.72844527487,0.0,102193.72844527487,271
117.46558378593825,117.46558378593825,0.0,0.0,0.0,0.0,0.0,0.0,0.0,102193.72844527487,0.0,102193.72844527487,272
117.54886856625035,117.54886856625035,0.0,0.0,0.0,0.0,0.0,0.0,0.0,102193.72844527487,0.0,102193.72844527487,273
117.69863044364189,117.69863044364189,0.0,0.0,0.0,0.0,0.0,0.0,0.0,102193.72844527487,0.0,102193.72844527487,274
119.44138135024795,119.44138135024795,0.0,0.0,0.0,0.0,0.0,0.0,0.0,102193.72844527487,0.0,102193.72844527487,275
119.83431938071145,119.83431938071145,0.0,0.0,0.0,0.0,0.0,0.0,0.0,102193.72844527487,0.0,102193.72844527487,276
119.65609822836778,119.65609822836778,0.0,0.0,0.0,0.0,0.0,0.0,0.0,102193.72844527487,0.0,102193.72844527487,277
120.27909111339751,120.27909111339751,0.0,0.0,0.0,0.0,0.0,0.0,0.0,102193.72844527487,0.0,102193.72844527487,278
121.13198026677982,121.13198026677982,0.0,0.0,0.0,0.0,0.0,0.0,0.0,102193.72844527487,0.0,102193.72844527487,279
121.25957496929286,121.68398348168539,1.0,0.0,839.8289201360343,102193.72844527487,1.0,0.003,1.0,-1.0,839.8289201360343,101836.29790261571,280
121.52946208314759,121.46788230059326,1.0,1.0022355388803013,-1.4484694865020629,175.94252110243332,1.0,6.706616640903773e-06,0.0022355388803012577,173.94252110243332,838.3804506495322,102061.86770956696,281
121.61351686392656,121.67469350598282,1.0,0.9989861773213071,0.42887583172591803,52.18333537737454,1.0,3.041468036078632e-06,0.0010138226786928772,120.75918572505879,838.8093264812582,102131.31135737243,282
121.65251388875807,121.71365477815078,1.0,0.9991378930083128,0.3020414546454049,36.762569339401296,1.0,2.586320975061618e-06,0.000862106991687206,82.99661638565749,839.1113679359036,102163.00395842295,283
123.91577190016112,123.8472055451867,1.0,1.0177767767115946,-14.199707566240022,1758.5941016376707,1.0,5.3330330134783835e-05,0.01777677671159461,1840.5907180233282,824.9116603696635,104060.15586217373,284
125.40900594553419,125.47391156684577,1.0,0.99414949422966,4.425327397200363,555.2631384906581,1.0,1.7551517311019893e-05,0.005850505770339964,1284.3275795326701,829.3369877668639,105290.65480923872,285
125.709862919887,125.77642434974157,1.0,0.990171817579166,7.7885335984209405,979.6139069372119,1.0,2.948454726250216e-05,0.009828182420834053,303.7136725954582,837.1255213652848,105538.64821016436,286
126.39291750617734,126.32875785942575,1.0,1.0025401950718558,-1.6969934634740866,214.37907633624616,1.0,7.620585215567299e-06,0.0025401950718557664,517.0927489317044,835.4285279018108,106109.34175833245,287
126.3180199604082,126.38324915699447,1.0,0.9945371040312615,4.155376342670365,525.1699636567892,1.0,1.6388687906215504e-05,0.0054628959687385015,-9.077214725084787,839.5839042444811,106045.49916006673,288
126.03896103078169,126.10278354430882,1.0,0.9978762307433239,1.3610470047943863,171.63181583921636,1.0,6.3713077700283675e-06,0.0021237692566761224,-181.70903056430114,840.9449512492755,105810.11890897574,289
123.65795469272072,123.72616670710524,1.0,0.9827938362881269,14.25101679084139,1763.2236792093977,1.0,5.1618491135619335e-05,0.017206163711873113,-1945.932709773699,855.1959680401169,103805.85155952851,290
123.51726541747381,123.44898995351647,1.0,1.017586829464899,-14.315442418841258,1767.226907343678,1.0,5.276048839469727e-05,0.01758682946489909,-179.70580243002087,840.8805256212756,103683.55726511797,291
123.48513772048702,123.42284959811482,1.0,1.0014726563374976,-0.8127618098845915,100.31337862047752,1.0,4.417969012492806e-06,0.001472656337497602,-80.39242380954335,840.067763811391,103655.49108498164,292
121.71582297636783,121.7816336381306,1.0,0.9864363012316587,11.09088785352185,1350.6664412991904,1.0,4.069109630502388e-05,0.013563698768341292,-1432.0588651087337,851.1586516649129,102167.41690574173,293
121.976458558748,121.90954661118532,1.0,1.0161881463393483,-13.09945330211815,1596.948412915618,1.0,4.856443901804486e-05,0.016188146339348286,163.88954780688437,838.0591983627947,102387.3826266839,294
121.25020602598975,121.31357569620086,1.0,0.9924548109014959,5.930289533326459,719.424628201587,1.0,2.2635567295512306e-05,0.0075451890985041015,-556.5350803947026,843.9894878961212,101777.36421077957,295
121.56973375406375,121.50598823350055,1.0,1.008117847523241,-6.3569918318784175,772.412574724678,1.0,2.435354256972322e-05,0.008117847523241073,214.87749432997543,837.6324960642428,102045.63702461183,296
122.32186739137789,122.25921359691222,1.0,1.0040681218107073,-2.966265009824383,362.65322742116615,1.0,1.2204365432121778e-05,0.004068121810707259,576.5307217511415,834.6662310544184,102674.46275285089,297
121.35465173842441,121.42023587061371,1.0,0.9865221309338651,10.946215805440602,1329.0921049872377,1.0,4.043360719840472e-05,0.013477869066134907,-753.5613832360962,845.612446859859,101865.44261111901,298
122.07174464170498,122.00581965073751,1.0,1.0133503966894517,-10.68963004074135,1304.1970748837948,1.0,4.005119006835511e-05,0.013350396689451705,549.6356916476986,834.9228168191177,102470.12058192406,299
122.14716695127707,122.20998088445887,1.0,0.9952506752043911,3.5530575761373484,434.21909846112715,1.0,1.4247974386826568e-05,0.004749324795608856,114.4165931865715,838.475874395255,102531.8692075618,300
125.12582267332762,125.05453498749564,1.0,1.0232426696821249,-18.57862542452324,2323.3413631706176,1.0,6.972800904637455e-05,0.02324266968212485,2436.757956357189,819.8972489707318,105027.07574141813,301
123.7806613495398,123.85506675212898,1.0,0.9662977189437563,28.086434664986655,3478.647240261231,1.0,0.0001011068431687312,0.03370228105624373,-1042.8892839040423,847.9836836357184,103921.0918901441,302
125.49358684554323,125.42179974650023,1.0,1.0240126629773725,-19.41088289304753,2434.5478671145743,1.0,7.203798893211743e-05,0.02401266297737248,1390.658583210532,828.5728007426709,105371.23131106589,303
126.31793230134592,126.38363615997368,1.0,0.9932844254422004,5.168295119528011,653.1879299537958,1.0,2.014672367339876e-05,0.006715574557799586,736.4706532567362,833.7410958621989,106052.92195722794,304
127.69916889265957,127.63381974926857,1.0,1.0039143009769924,-2.825573898156904,360.6387896055964,1.0,1.1742902930977239e-05,0.003914300976992413,1096.1094428623326,830.915521964042,107203.33101768092,305
128.01597990526986,128.08297157647792,1.0,0.9922309666402256,6.067955997118247,777.2018355062152,1.0,2.330710007932324e-05,0.007769033359774413,317.9076073561174,836.9834779611602,107465.16770307488,306
128.65464455072888,128.58953914538083,1.0,1.0020159476180188,-1.2610045990242043,162.15200024872817,1.0,6.047842854056462e-06,0.0020159476180188207,479.0596076048456,835.722473362136,107998.63736106643,307
128.4069534326833,128.4736040224092,1.0,0.9936475065040494,4.9065273019116376,630.3592457109355,1.0,1.905748048785172e-05,0.006352493495950573,-152.2996381060899,840.6290006640477,107790.30930432538,308
127.06217463385113,127.12916485930951,1.0,0.9909253398938791,7.251258941323499,921.8464933890573,1.0,2.7223980318362708e-05,0.009074660106120902,-1075.146131495147,847.8802596053712,106658.36348307756,309
127.61644403511923,127.54708968838946,1.0,1.0144864421773996,-11.652920011384367,1486.2960338236703,1.0,4.345932653219875e-05,0.014486442177399583,410.14990232852324,836.2273395939868,107126.50938626118,310
127.71851198451122,127.7835329334524,1.0,0.9969680903969387,2.1162789225785446,270.42559739968664,1.0,9.095728809183968e-06,0.0030319096030613224,138.7243049288366,838.3436185165654,107210.7237935753,311
128.48060405179464,128.41456554618895,1.0,1.0046653049126257,-3.4638419306836568,444.80775664941416,1.0,1.3995914737877203e-05,0.004665304912625734,582.5320615782507,834.8797765858817,107848.3900679597,312
129.7623166185172,129.69567563371274,1.0,1.0045206408687894,-3.330154433900816,431.9066292693705,1.0,1.3561922606368349e-05,0.0045206408687894495,1013.4386908476213,831.5496221519809,108917.2440445413,313
129.0625598911237,129.13276234548502,1.0,0.9853529058038085,11.90204779016267,1536.944308711681,1.0,4.394128258857444e-05,0.014647094196191479,-524.5056178640598,843.4516699421436,108333.52604931213,314
128.00875849591014,128.07405435297244,1.0,0.9966370066404898,2.4146266829686738,309.2510290366675,1.0,1.008898007853054e-05,0.00336299335951018,-834.7566469007272,845.8662966251122,107443.53783761316,315
128.36736698954516,128.2991041270609,1.0,1.0105924610102672,-8.420559426460045,1080.3502306635016,1.0,3.177738303080169e-05,0.010592461010267229,244.59358376277441,837.4457371986522,107745.29786457235,316
127.72482171370696,127.79146760538349,1.0,0.992735735094868,5.688001567748415,726.8780680842921,1.0,2.179279471539597e-05,0.00726426490513199,-483.28448432151765,843.1337387664006,107205.82198042818,317
127.35916030819627,127.29485709521268,1.0,1.0016322156123447,-0.9487171025521093,120.76680799315498,1.0,4.896646837034169e-06,0.001632215612344723,-363.51767632836265,842.1850216638485,106896.45950691946,318
128.48005366370683,128.41109907785363,1.0,1.0122316237343414,-9.730037051421732,1249.4447518413028,1.0,3.669487120302417e-05,0.01223162373434139,884.9270755129402,832.4549846124268,107838.78817113777,319
128.44630911541265,128.51379474483196,1.0,0.9915334926474231,6.667293157480799,856.83914434411,1.0,2.5399522057730774e-05,0.008466507352576924,27.08793116883021,839.1222777699076,107809.24740723154,320
127.09300935399763,127.16066777324839,1.0,0.9892154714235127,8.696857620887158,1105.8982226008754,1.0,3.2353585729461786e-05,0.010784528576487262,-1079.8102914320452,847.8191353907947,106672.07501328841,321
126.60353252728986,126.53786363148342,1.0,1.0062323946668892,-4.81395139345932,609.1471249541449,1.0,1.8697184000667554e-05,0.006232394666889185,-471.6631664779003,843.0051839973354,106255.77106640273,322
125.4921324296379,125.55652694021798,1.0,0.9956213872181391,3.27317090646784,410.967971097867,1.0,1.313583834558274e-05,0.004378612781860913,-883.6311375757673,846.2783549038032,105317.64424834841,323
125.32007342864782,125.25477882235582,1.0,1.0070075753644012,-5.451000941392749,682.7639172746021,1.0,2.102272609320366e-05,0.0070075753644012195,-201.86722030116516,840.8273539624105,105170.67851908377,324
127.01265025584586,126.9432563685584,1.0,1.0154513799680138,-12.341607435329138,1566.6838366630932,1.0,4.635413990404147e-05,0.015451379968013823,1363.816616361928,828.4857465270813,106591.98698195948,325
126.90260699736116,126.97125498142181,1.0,0.9863499506040342,11.01124826560465,1398.1120111958267,1.0,4.095014818789744e-05,0.013650049395965813,-35.29539483389863,839.496994792686,106499.06181080808,326
126.47221320400637,126.53661079498077,1.0,0.9969387626921631,2.1492381964505967,271.95731716997557,1.0,9.18371192351075e-06,0.003061237307836917,-308.2527120038742,841.6462329891366,106136.60910894703,327
128.05088765482793,127.98093744911205,1.0,1.0154229358785503,-12.330467497504628,1578.064789516449,1.0,4.626880763565078e-05,0.015422935878550259,1268.812077512575,829.315765491632,107463.43199485916,328
128.9595490878515,129.02588379311413,1.0,0.9952053939089108,3.5669773785569987,460.2324087383622,1.0,1.4383818273267513e-05,0.004794606091089171,807.5796687742127,832.882742870189,108215.76263236675,329
130.06847554633745,130.0030229407594,1.0,1.0010721732101548,-0.47315588943695275,61.51169594902758,1.0,3.216519630464543e-06,0.0010721732101548476,868.0913647232403,832.409586980752,109138.33737346604,330
129.5300970002802,129.5995485704539,1.0,0.9879396840783643,9.710147056249184,1258.430675042616,1.0,3.61809477649071e-05,0.0120603159216357,-391.3393103193757,842.1197340370012,108688.51152534354,331
128.39912263568888,128.46531067946887,1.0,0.9948377568804769,3.9336553992333165,505.33826296847815,1.0,1.5486729358569207e-05,0.005162243119523069,-897.6775732878539,846.0533894362345,107734.83533327546,332
126.51697746491526,126.58268345134466,1.0,0.9935515961415161,5.049086793747961,639.1269553313629,1.0,1.934521157545166e-05,0.0064484038584838865,-1537.8045286192169,851.1024762299825,106141.10827690305,333
125.33696166935788,125.27240326941833,1.0,1.0050262350911021,-3.820030082369044,478.54434897984424,1.0,1.5078705273306348e-05,0.005026235091102116,-1060.2601796393726,847.2824461476134,105135.54729628382,334
124.90777932912376,124.842842546216,1.0,1.006625937035352,-5.1392751655578195,641.6017202954131,1.0,1.987781110605624e-05,0.006625937035352081,-419.6584593439595,842.1431709820556,104770.57490521118,335
124.58489623015821,124.52207672317762,1.0,1.0014101732538765,-0.7616452135413283,94.84164371643429,1.0,4.2305197616294696e-06,0.00141017325387649,-325.8168156275252,841.3815257685143,104497.61326221502,336
125.10181718812163,125.03653404888918,1.0,1.0072800185209165,-5.644882417887402,705.816532646154,1.0,2.1840055562749596e-05,0.007280018520916531,378.99971701862876,835.7366433506269,104931.17249088315,337
124.53626568644158,124.60156613664502,1.0,0.9918837099552222,6.397013106064719,797.0778516123081,1.0,2.434887013433329e-05,0.008116290044777763,-419.07813459367935,842.1336564566916,104457.10264939138,338
125.17860571854473,125.11256504911077,1.0,1.0091905123746299,-7.2286842151860355,904.3992240919431,1.0,2.75715371238896e-05,0.009190512374629867,484.32108949826375,834.9049722415056,104996.56142217021,339
126.31053419703132,126.24571615383026,1.0,1.0043880639439176,-3.2208199314816284,406.61471885242867,1.0,1.3164191831752658e-05,0.004388063943917553,889.9358083506925,831.6841523100239,105940.40536983497,340
124.86889387959555,124.93871479385876,1.0,0.9802820726766068,16.254819566148853,2030.8562658007068,1.0,5.915378197017951e-05,0.01971792732339317,-1141.9204574500143,847.9389718761728,104739.28103812915,341
124.0925339232304,124.0287687321026,1.0,1.0046173182539593,-3.4632739486863784,429.5456036375386,1.0,1.3851954761877838e-05,0.004617318253959279,-713.3748538124757,844.4756979274864,104079.7543385978,342
125.65391264481222,125.58372636518399,1.0,1.0195227328538752,-15.70785235532162,1972.6506319754212,1.0,5.856819856162554e-05,0.01952273285387518,1258.2757781629455,828.7678455721648,105396.19824851697,343
126.44233740576661,126.50773548146707,1.0,0.9942611337251004,4.352736717897187,550.6548653282065,1.0,1.7216598824698838e-05,0.005738866274899612,706.620912834739,833.120582290062,106048.3346784435,344
124.9211410823505,124.99057741860105,1.0,0.9813862152049624,15.330051898795091,1916.1120386875198,1.0,5.5841354385112845e-05,0.018613784795037613,-1210.491125852781,848.4506341888571,104778.93024906318,345
123.27425840422576,123.33655488047256,1.0,0.9982171269892454,1.0860692694658383,133.9520420574681,1.0,5.348619032263913e-06,0.0017828730107546376,-1345.443167910249,849.5367034583229,103380.56393808516,346
122.53837858528158,122.4745481009218,1.0,1.0069673275608584,-5.438353710608453,666.0599131197415,1.0,2.090198268257515e-05,0.006967327560858383,-680.3832547905075,844.0983497477145,102754.05988980635,347
124.00503374252638,123.93608582625076,1.0,1.0186696706166851,-15.009233331209657,1860.1856303230236,1.0,5.600901185005536e-05,0.01866967061668512,1178.8023755325162,829.0891164165048,103990.02623232258,348
123.65307826360525,123.72015082933339,1.0,0.9858582126974011,11.437067355872955,1414.9956983138472,1.0,4.242536190779656e-05,0.014141787302598852,-237.19332278133106,840.5261837723777,103696.45666183394,349
123.78741300246938,123.72426548411421,1.0,1.0033762502544188,-2.4007258754527356,297.0280455690968,1.0,1.0128750763256366e-05,0.003376250254418789,58.83472278776571,838.125457896925,103808.21692735818,350
126.4320685771213,126.36096863496691,1.0,1.0207856228106387,-16.604239369069205,2098.1277701224367,1.0,6.235686843191602e-05,0.02078562281063867,2155.9624929102024,821.5212185278558,106022.58953138432,351
124.14933851021435,124.2255746887144,1.0,0.9619772192240933,31.947077328747923,3968.6440407885098,1.0,0.00011406834232772012,0.038022780775906706,-1813.6815478783074,853.4682958566037,104143.84282215896,352
122.49597902381637,122.43331042633629,1.0,1.003865726803181,-2.851397077095953,349.1059834888368,1.0,1.159718040954294e-05,0.00386572680318098,-1465.5755643894706,850.6168987795078,102731.57422580886,353
126.2773661453209,126.19696183588634,1.0,1.045575933066858,-36.55947036528971,4613.6940864286835,1.0,0.00013672779920057376,0.04557593306685792,3147.1185220392126,814.0574284142181,105944.14647321978,354
127.02827879540112,127.10091441386088,1.0,0.9760644397489937,19.486114225048254,2476.702936376575,1.0,7.180668075301888e-05,0.023935560251006294,669.4155856626376,833.5435426392663,106553.01710814968,355
124.86621188294833,124.93733413916675,1.0,0.9768041059148701,19.308151710647394,2412.3090018828775,1.0,6.95876822553897e-05,0.023195894085129898,-1743.89341622024,852.8516943499137,104748.46695520758,356
127.35469852776791,127.27691942051048,1.0,1.0369094038318958,-29.85513352706016,3799.869424212217,1.0,0.00011072821149568735,0.03690940383189578,2054.976007991977,822.9965608228536,106867.4549009763,357
126.3716283710553,126.4449744342728,1.0,0.9732000788390828,22.173090079539065,2803.675808236145,1.0,8.039976348275168e-05,0.02679992116091723,-749.6998002441678,845.1696509023926,106055.76523408754,358
127.3286033143102,127.2593256717153,1.0,1.014695155661904,-11.786598821208145,1499.954617949983,1.0,4.408546698571181e-05,0.014695155661903936,749.2548177058152,833.3830520811845,106862.75486502008,359
127.29565035781863,127.3620738758386,1.0,0.9927316373778409,5.663860496552843,721.3610189844071,1.0,2.180508786647739e-05,0.00726836262215913,26.893798721408075,839.0469125777373,106833.91621602427,360
130.7998284384482,130.72372810207986,1.0,1.027269205362299,-21.79729946542193,2849.424248677427,1.0,8.18076160868968e-05,0.02726920536229893,2875.318047398835,817.2496131123154,109771.42723387785,361
129.75241254244324,129.83052026700858,1.0,0.966008292164894,28.248248315973342,3667.484775494468,1.0,0.0001019751235053179,0.033991707835105966,-793.1667280956331,845.4978614282887,108912.22059170119,362
129.11448662060732,129.04902673810818,1.0,1.0023303328502058,-1.5378305422951826,198.45553477133043,1.0,6.990998550617355e-06,0.002330332850205785,-595.7111933243026,843.9600308859935,108371.75492283265,363
128.36030160750022,128.42462670163752,1.0,0.9996236029059383,-0.10509662476886206,13.496994803543181,1.0,1.129191282185027e-06,0.00037639709406167565,-583.2141985207594,843.8549342612247,107734.25967622732,364
128.05092968946857,127.98575552312472,1.0,1.0029902203805554,-2.087354456129333,267.15163711227376,1.0,8.970661141666225e-06,0.0029902203805554084,-317.06256140848564,841.7675798050954,107472.05861508791,365
131.6454235213965,131.56731678528445,1.0,1.0311038141263027,-24.907730101841025,3277.0432167112835,1.0,9.33114423789081e-05,0.031103814126302698,2958.980655302798,816.8598497032543,110494.84152711202,366
131.2344455934697,131.31180210857625,1.0,0.9701823906147506,24.60938423314724,3231.5025924369465,1.0,8.945282815574806e-05,0.029817609385249355,-273.52193713414863,841.4692339364016,110156.22646247117,367
131.21241302408487,131.14589565262523,1.0,1.0023147325942499,-1.5174694202689807,199.00988624664544,1.0,6.944197782749573e-06,0.0023147325942498576,-75.5120508875032,839.9517645161326,110136.58579511216,368
129.90077931881137,129.96936075772638,1.0,0.9906825058462876,7.452463318886544,968.591893626088,1.0,2.795248246113724e-05,0.009317494153712413,-1045.1039445135912,847.4042278350191,109033.36564931097,369
129.49448953827846,129.42724531491365,1.0,1.00642750283448,-4.974448973401991,643.8292275870198,1.0,1.9282508503440045e-05,0.0064275028344800145,-402.2747169265714,842.4297788616171,108687.73946860334,370
128.70190149161422,128.76719534658008,1.0,0.9975579117088013,1.6341084977962055,210.41956815323053,1.0,7.326264873596223e-06,0.0024420882911987407,-613.694285079802,844.0638873594133,108018.93299848038,371
128.95303282479074,128.8855992704208,1.0,1.0076437079267404,-5.964568196215964,768.7469463585875,1.0,2.293112378022122e-05,0.007643707926740406,154.05266127878554,838.0993191631974,108229.50167576534,372
128.6604558259475,128.7262099484444,1.0,0.9963109758556572,2.6735251480885154,344.1527595152881,1.0,1.1067072433028402e-05,0.0036890241443428007,-191.10009823650256,840.7728443112859,107983.11729693193,373
128.29483177741383,128.3593937454683,1.0,0.9989229179902452,0.48321140878283586,62.02472348225847,1.0,3.2312460292642786e-06,0.0010770820097547595,-254.12482171876104,841.2560557200687,107674.67932861813,374
128.1958177911172,128.13110972412812,1.0,1.0015865262586423,-0.9083871449161052,116.39265293723295,1.0,4.759578775926921e-06,0.0015865262586423068,-138.7321687815281,840.3476685751526,107590.32443306889,375
127.64179565132675,127.70677980401138,1.0,0.9969621892446868,2.1316782393646463,272.2297635275435,1.0,9.113432265939525e-06,0.003037810755313175,-411.9619323090716,842.4793468145173,107123.61469425277,376
128.4940410006295,128.42572783858893,1.0,1.0105481974328485,-8.350418778458788,1072.4086093805906,1.0,3.164459229854555e-05,0.010548197432848516,659.446677071519,834.1289280360585,107840.04335594796,377
129.7234082167244,129.65722568701165,1.0,1.0033939533930298,-2.397084442008918,310.79931848837464,1.0,1.0181860179089508e-05,0.003393953393029836,969.2459955598937,831.7318435940496,108864.33546895956,378
129.66745211869997,129.73591553051818,1.0,0.9906692448012994,7.3907310899904815,958.8432643997797,1.0,2.7992265596101907e-05,0.009330755198700635,9.402731160113944,839.12257468404,108816.28900572311,379
128.62140363964215,128.6888602442183,1.0,0.9918471247985238,6.454026112779843,830.5612644400607,1.0,2.4458625604428686e-05,0.008152875201476228,-822.1585332799467,845.5766007968199,107937.09074604439,380
128.81190454295032,128.74397839496092,1.0,1.009109395414977,-7.191053824557912,925.8048782258849,1.0,2.732818624493105e-05,0.009109395414977017,102.64634494593815,838.385546972262,108096.68539172613,381
127.706657212641,127.77415851425684,1.0,0.9904782489048853,7.612475230833752,972.6776168304058,1.0,2.8565253285343984e-05,0.009521751095114661,-871.0312718844676,845.9980222030957,107168.54815217854,382
131.44684255126288,131.36627101385568,1.0,1.037653031048826,-30.198446519965614,3967.05730973923,1.0,0.00011295909314647767,0.03765303104882589,3095.0260378547623,815.7995756831301,110329.30441606224,383
131.3574122797633,131.4344063317088,1.0,0.9712861126772758,23.62525602811627,3105.1715004900866,1.0,8.614166196817253e-05,0.028713887322724174,-11.145462635324293,839.4248317112464,110253.5282343298,384
130.063130959283,130.1319680552044,1.0,0.9902469659319161,7.81916130635102,1017.5228493365613,1.0,2.9259102204251764e-05,0.009753034068083921,-1029.6683119718855,847.2439930175974,109165.53810634174,385
129.67139858742684,129.6040763475468,1.0,1.0063919019239065,-4.94380321798792,640.737049711354,1.0,1.9175705771719454e-05,0.0063919019239064845,-389.9312622605315,842.3001897996095,108832.3123795099,386
129.16806277846499,129.2327679707391,1.0,0.9996873301281856,-0.15841656024258555,20.47261057255267,1.0,9.380096154433249e-07,0.0003126698718144416,-370.45865168797883,842.1417732393669,108407.36278246238,387
129.5993571005814,129.53192614935085,1.0,1.006767710218866,-5.2256089767569165,676.8831960626618,1.0,2.0303130656597722e-05,0.006767710218865908,305.42454437468297,836.91616426261,108769.2213798935,388
126.76013745945886,126.83289302081317,1.0,0.9753458439630082,20.662802749082744,2620.723050584576,1.0,7.396246811097551e-05,0.024654156036991837,-2316.298506209893,857.5789670116927,106390.52923453302,389
127.67643537536446,127.60142892858732,1.0,1.0291576360107086,-23.806726936897576,3037.7723752608213,1.0,8.747290803212594e-05,0.029157636010708643,720.4738690509284,833.7722400747951,107173.54139673337,390
127.99397874410299,128.0596084716928,1.0,0.9957478775335981,3.1313134795152564,400.99477818885777,1.0,1.2756367399205827e-05,0.004252122466401942,318.4790908620707,836.9035535543104,107437.09473535673,391
128.22740728082277,128.29196182673903,1.0,0.9988540092294605,0.5385839387055285,69.0959901049044,1.0,3.4379723116183535e-06,0.0011459907705394512,248.3831007571663,837.4421374930159,107631.41713919691,392
123.17815483538355,123.25511439351065,1.0,0.9584058262875247,35.79884458556364,4412.3906845491565,1.0,0.00012478252113742595,0.04159417371247531,-4165.00758379199,873.2409820785796,103399.20531528568,393
122.31761106879932,122.24433795166395,1.0,1.0330132662966778,-27.4005362317522,3349.5604111711286,1.0,9.903979889003333e-05,0.03301326629667778,-816.4471726208617,845.8404458468274,102644.73550873119,394
122.90597989757698,122.83980638148194,1.0,1.0128025399311857,-10.242128555724435,1258.1410887194368,1.0,3.840761979355722e-05,0.012802539931185741,440.6939160985751,835.598317291103,103140.72390352804,395
122.04970617804747,122.11483551760045,1.0,0.9887901233235529,9.022432238239276,1101.772828741285,1.0,3.362963002934139e-05,0.011209876676447128,-662.0789126427098,844.6207495293422,102423.63539929573,396
122.55345871097833,122.48827807546664,1.0,1.0106182401195218,-8.429425685348065,1032.5058373633947,1.0,3.185472035856551e-05,0.010618240119521838,369.42692472068484,836.1913238439942,102847.56580591394,397
123.72621869291439,123.66214966263065,1.0,1.0059430166609789,-4.509470613252915,557.6508298753168,1.0,1.782904998293655e-05,0.00594301666097885,926.0777545960017,831.6818532307412,103826.92861035102,398
123.26400739031915,122.83725083310712,0.0,0.9873781250696463,-831.6818532307412,102161.51241864794,1.0,0.002962134375208939,0.9873781250696463,103086.59017324394,0.0,103086.59017324394,399
123.4671521858492,123.4671521858492,0.0,0.0,0.0,0.0,0.0,0.0,0.0,103086.59017324394,0.0,103086.59017324394,400
123.16205204672102,123.16205204672102,0.0,0.0,0.0,0.0,0.0,0.0,0.0,103086.59017324394,0.0,103086.59017324394,401
123.8815755464641,123.8815755464641,0.0,0.0,0.0,0.0,0.0,0.0,0.0,103086.59017324394,0.0,103086.59017324394,402
124.50117630514706,124.50117630514706,0.0,0.0,0.0,0.0,0.0,0.0,0.0,103086.59017324394,0.0,103086.59017324394,403
126.28379527763735,126.28379527763735,0.0,0.0,0.0,0.0,0.0,0.0,0.0,103086.59017324394,0.0,103086.59017324394,404
125.99909003239608,125.99909003239608,0.0,0.0,0.0,0.0,0.0,0.0,0.0,103086.59017324394,0.0,103086.59017324394,405
126.45021738640293,126.45021738640293,0.0,0.0,0.0,0.0,0.0,0.0,0.0,103086.59017324394,0.0,103086.59017324394,406
125.50118679693148,125.50118679693148,0.0,0.0,0.0,0.0,0.0,0.0,0.0,103086.59017324394,0.0,103086.59017324394,407
124.03368016593048,124.03368016593048,0.0,0.0,0.0,0.0,0.0,0.0,0.0,103086.59017324394,0.0,103086.59017324394,408
123.64191827723158,123.64191827723158,0.0,0.0,0.0,0.0,0.0,0.0,0.0,103086.59017324394,0.0,103086.59017324394,409
123.30113751168139,123.30113751168139,0.0,0.0,0.0,0.0,0.0,0.0,0.0,103086.59017324394,0.0,103086.59017324394,410
123.99504841658575,123.99504841658575,0.0,0.0,0.0,0.0,0.0,0.0,0.0,103086.59017324394,0.0,103086.59017324394,411
123.97614441929731,123.97614441929731,0.0,0.0,0.0,0.0,0.0,0.0,0.0,103086.59017324394,0.0,103086.59017324394,412
123.28763912797784,123.28763912797784,0.0,0.0,0.0,0.0,0.0,0.0,0.0,103086.59017324394,0.0,103086.59017324394,413
122.68690744734944,122.68690744734944,0.0,0.0,0.0,0.0,0.0,0.0,0.0,103086.59017324394,0.0,103086.59017324394,414
122.79827811992008,122.79827811992008,0.0,0.0,0.0,0.0,0.0,0.0,0.0,103086.59017324394,0.0,103086.59017324394,415
121.22596441822033,121.22596441822033,0.0,0.0,0.0,0.0,0.0,0.0,0.0,103086.59017324394,0.0,103086.59017324394,416
120.97273647971379,120.97273647971379,0.0,0.0,0.0,0.0,0.0,0.0,0.0,103086.59017324394,0.0,103086.59017324394,417
118.73414899150919,118.73414899150919,0.0,0.0,0.0,0.0,0.0,0.0,0.0,103086.59017324394,0.0,103086.59017324394,418
119.07238180594226,119.07238180594226,0.0,0.0,0.0,0.0,0.0,0.0,0.0,103086.59017324394,0.0,103086.59017324394,419
119.18525143660266,119.18525143660266,0.0,0.0,0.0,0.0,0.0,0.0,0.0,103086.59017324394,0.0,103086.59017324394,420
119.75380844005264,119.75380844005264,0.0,0.0,0.0,0.0,0.0,0.0,0.0,103086.59017324394,0.0,103086.59017324394,421
119.43342937601953,119.43342937601953,0.0,0.0,0.0,0.0,0.0,0.0,0.0,103086.59017324394,0.0,103086.59017324394,422
118.53373945300822,118.53373945300822,0.0,0.0,0.0,0.0,0.0,0.0,0.0,103086.59017324394,0.0,103086.59017324394,423
117.59582576966604,117.59582576966604,0.0,0.0,0.0,0.0,0.0,0.0,0.0,103086.59017324394,0.0,103086.59017324394,424
116.17727015015191,116.17727015015191,0.0,0.0,0.0,0.0,0.0,0.0,0.0,103086.59017324394,0.0,103086.59017324394,425
116.37827368458184,116.37827368458184,0.0,0.0,0.0,0.0,0.0,0.0,0.0,103086.59017324394,0.0,103086.59017324394,426
116.986575188906,116.986575188906,0.0,0.0,0.0,0.0,0.0,0.0,0.0,103086.59017324394,0.0,103086.59017324394,427
116.9506798378525,116.9506798378525,0.0,0.0,0.0,0.0,0.0,0.0,0.0,103086.59017324394,0.0,103086.59017324394,428
116.72740027504449,116.72740027504449,0.0,0.0,0.0,0.0,0.0,0.0,0.0,103086.59017324394,0.0,103086.59017324394,429
116.01260605611058,116.01260605611058,0.0,0.0,0.0,0.0,0.0,0.0,0.0,103086.59017324394,0.0,103086.59017324394,430
116.50244148726058,116.50244148726058,0.0,0.0,0.0,0.0,0.0,0.0,0.0,103086.59017324394,0.0,103086.59017324394,431
117.71211351142932,117.71211351142932,0.0,0.0,0.0,0.0,0.0,0.0,0.0,103086.59017324394,0.0,103086.59017324394,432
117.7561019473294,117.7561019473294,0.0,0.0,0.0,0.0,0.0,0.0,0.0,103086.59017324394,0.0,103086.59017324394,433
117.77531436868549,117.77531436868549,0.0,0.0,0.0,0.0,0.0,0.0,0.0,103086.59017324394,0.0,103086.59017324394,434
119.2552106853825,119.2552106853825,0.0,0.0,0.0,0.0,0.0,0.0,0.0,103086.59017324394,0.0,103086.59017324394,435
119.25387029256417,119.25387029256417,0.0,0.0,0.0,0.0,0.0,0.0,0.0,103086.59017324394,0.0,103086.59017324394,436
119.0828113894166,119.0828113894166,0.0,0.0,0.0,0.0,0.0,0.0,0.0,103086.59017324394,0.0,103086.59017324394,437
119.63416675741618,119.63416675741618,0.0,0.0,0.0,0.0,0.0,0.0,0.0,103086.59017324394,0.0,103086.59017324394,438
118.74127389961325,118.74127389961325,0.0,0.0,0.0,0.0,0.0,0.0,0.0,103086.59017324394,0.0,103086.59017324394,439
120.1448660565906,120.1448660565906,0.0,0.0,0.0,0.0,0.0,0.0,0.0,103086.59017324394,0.0,103086.59017324394,440
120.42721403719885,120.42721403719885,0.0,0.0,0.0,0.0,0.0,0.0,0.0,103086.59017324394,0.0,103086.59017324394,441
122.09686738516628,122.09686738516628,0.0,0.0,0.0,0.0,0.0,0.0,0.0,103086.59017324394,0.0,103086.59017324394,442
122.78940429028862,122.78940429028862,0.0,0.0,0.0,0.0,0.0,0.0,0.0,103086.59017324394,0.0,103086.59017324394,443
122.97838461421289,122.97838461421289,0.0,0.0,0.0,0.0,0.0,0.0,0.0,103086.59017324394,0.0,103086.59017324394,444
124.23092389064385,124.23092389064385,0.0,0.0,0.0,0.0,0.0,0.0,0.0,103086.59017324394,0.0,103086.59017324394,445
124.21145576225388,124.21145576225388,0.0,0.0,0.0,0.0,0.0,0.0,0.0,103086.59017324394,0.0,103086.59017324394,446
124.5612010762667,124.5612010762667,0.0,0.0,0.0,0.0,0.0,0.0,0.0,103086.59017324394,0.0,103086.59017324394,447
124.7645032234324,124.7645032234324,0.0,0.0,0.0,0.0,0.0,0.0,0.0,103086.59017324394,0.0,103086.59017324394,448
126.42539830929638,126.42539830929638,0.0,0.0,0.0,0.0,0.0,0.0,0.0,103086.59017324394,0.0,103086.59017324394,449
126.29742699097548,126.29742699097548,0.0,0.0,0.0,0.0,0.0,0.0,0.0,103086.59017324394,0.0,103086.59017324394,450
125.9283887147629,125.9283887147629,0.0,0.0,0.0,0.0,0.0,0.0,0.0,103086.59017324394,0.0,103086.59017324394,451
127.44421309733272,127.44421309733272,0.0,0.0,0.0,0.0,0.0,0.0,0.0,103086.59017324394,0.0,103086.59017324394,452
128.7569337345831,128.7569337345831,0.0,0.0,0.0,0.0,0.0,0.0,0.0,103086.59017324394,0.0,103086.59017324394,453
128.68638557575974,128.68638557575974,0.0,0.0,0.0,0.0,0.0,0.0,0.0,103086.59017324394,0.0,103086.59017324394,454
128.10613607256641,128.10613607256641,0.0,0.0,0.0,0.0,0.0,0.0,0.0,103086.59017324394,0.0,103086.59017324394,455
128.21546163599146,128.21546163599146,0.0,0.0,0.0,0.0,0.0,0.0,0.0,103086.59017324394,0.0,103086.59017324394,456
127.77420051433543,128.2214102161356,1.0,0.0,803.9732989948924,103086.59017324394,1.0,0.003,1.0,-1.0,803.9732989948924,102726.04551394514,457
128.15935715158275,128.0941147660666,1.0,1.0030241176979342,-2.015725053655615,258.2025163597981,1.0,9.07235309380261e-06,0.0030241176979342033,256.2025163597981,801.9575739412368,103034.5696555116,458
127.68486148650125,127.75107109891297,1.0,0.9938202497384804,4.568498750049798,583.6306086329068,1.0,1.853925078455887e-05,0.006179750261519623,-328.42809227310875,806.5260726912866,102652.74178456565,459
126.587557934816,126.65291075986822,1.0,0.9945780714461008,3.9783300002039823,503.8670744891415,1.0,1.6265785661697675e-05,0.005421928553899225,-833.2951667622502,810.5044026914906,101766.47786537025,460
126.09167872598121,126.02702939812401,1.0,1.0042389487564771,-3.0071669684599556,378.9843199391703,1.0,1.2716846269431371e-05,0.004238948756477123,-455.31084682307994,807.4972357230306,101363.3711720832,461
126.95964368086806,126.89181940537746,1.0,1.0114063900522392,-8.680009781453464,1101.4222336251028,1.0,3.4219170156717606e-05,0.011406390052239201,645.1113868020228,798.8172259415771,102062.66175848412,462
127.81025902534515,127.74622475597658,1.0,1.0003368009654487,0.13132970808112532,16.77687440566823,1.0,1.0104028963462408e-06,0.00033680096544874694,627.3345123963546,798.9485556496583,102741.15635790456,463
128.16467901636207,128.23004936710387,1.0,0.9966501138912522,2.276717716428152,291.94362517254194,1.0,1.0049658326243272e-05,0.003349886108747757,334.3908872238127,801.2252733660864,103023.17086798523,464
128.37113985356203,128.4359570515369,1.0,0.9983598908374175,0.9112406838351035,117.03606933265846,1.0,4.920327487747511e-06,0.0016401091625825037,216.35481789115423,802.1365140499215,103187.53344464235,465
127.01614271097587,127.08446338319192,1.0,0.9873701070382502,9.82374212636455,1248.4449965438955,1.0,3.78896788852493e-05,0.012629892961749767,-1033.0901786527413,811.9602561762861,102098.96959547493,466
125.55699029971865,125.62032839702911,1.0,0.9985143475238497,0.7980839610379462,100.25556927398858,1.0,4.45695742845087e-06,0.0014856524761502898,-1134.34574792673,812.758340137324,100913.1452807107,467
125.92468860129371,125.8563610081856,1.0,1.0142022687450625,-10.946302411655324,1377.661788026065,1.0,4.260680623518742e-05,0.014202268745062474,242.31604009933517,801.8120377256687,101210.24720747293,468
125.13169367257542,125.19751662819259,1.0,0.9913235176868906,6.592553142085876,825.3712816285398,1.0,2.602944693932807e-05,0.008676482313109357,-584.0552415292046,808.4045908677546,100572.98038643833,469
126.20593950421349,126.13736851514275,1.0,1.0144420548935211,-11.075602873490425,1397.0474011808358,1.0,4.332616468056339e-05,0.014442054893521128,811.9921596516311,797.3289879942641,101439.6461834115,470
124.75188715018739,124.82153627560128,1.0,0.9805662743734971,15.348449010168906,1915.8169848970147,1.0,5.830117687950876e-05,0.019433725626502918,-1104.8248252453836,812.677437004433,100278.21908543516,471
123.13306141002364,123.19540432023786,1.0,0.9978982641479889,1.2995099340171237,160.09365173940517,1.0,6.3052075560333656e-06,0.002101735852011122,-1265.9184769847889,813.9769469384502,98961.55491673095,472
123.6279102989138,123.55984241112698,1.0,1.016862245810139,-13.056898922759842,1613.3083732742198,1.0,5.058673743041719e-05,0.016862245810139065,346.3898962894309,800.9200480156903,99362.46174897494,473
123.7850073715454,123.84772421998035,1.0,0.9977801707259283,1.3753706105389938,170.3365200742993,1.0,6.6594878222151485e-06,0.0022198292740717163,175.0533762151316,802.2954186262293,99487.19768502003,474
125.24688894490433,125.18049700690803,1.0,1.0100295066690284,-7.545437089329994,944.5415649766861,1.0,3.0088520007085064e-05,0.010029506669028354,1118.5949411918177,794.7499815368993,100658.5576177086,475
126.10112000085572,126.16582305850467,1.0,0.9956318187379942,3.0774742474771983,388.27207137431304,1.0,1.3104543786017331e-05,0.004368181262005777,729.3228698175046,797.8274557843765,101336.25861166058,476
124.94976053889376,125.01833113984395,1.0,0.9837382089824039,12.743743556839263,1593.2015519501838,1.0,4.8785373052788186e-05,0.01626179101759606,-864.8786821326792,810.5711993412158,100415.79857527615,477
124.30839309451582,124.24495761611112,1.0,1.003435761189174,-2.3629589268377913,293.5857317135728,1.0,1.0307283567521974e-05,0.0034357611891739914,-572.2929504191063,808.208240414378,99894.77470123833,478
126.20100810140357,126.12994128210464,1.0,1.0210413407628582,-16.209340820729835,2044.4832059402759,1.0,6.312402228857473e-05,0.02104134076285824,1471.1902555211695,791.9988995936482,101422.24979944188,479
125.08033960902316,125.15160668966391,1.0,0.9767431853172249,18.396208244933064,2302.3150188510153,1.0,6.977044404832523e-05,0.023256814682775073,-832.1247633298458,810.3951078385812,100532.37054261084,480
124.9223871603194,124.85730112680982,1.0,1.0070039218992728,-5.21695938167727,651.3754684844145,1.0,2.1011765697818375e-05,0.007003921899272791,-181.74929484543134,805.178148456904,100403.02709971706,481
125.64929737455539,125.58359298518009,1.0,1.0076396253917381,-5.686553153005889,714.1377766556841,1.0,2.2918876175214375e-05,0.007639625391738125,531.3884818102528,799.4915953038981,100986.94568860743,482
125.97215420543229,126.03616291132519,1.0,0.9972940348163383,1.7621350215677012,222.09273665005833,1.0,8.117895550985188e-06,0.0027059651836617293,308.29574516019443,801.2537303254658,101243.95421939762,483
126.67813093755736,126.61382579233053,1.0,1.002542085075226,-1.6257782765644606,205.84600748588798,1.0,7.626255225678058e-06,0.0025420850752260193,513.1417526460824,799.6279520489013,101808.51616362765,484
126.5083659821979,126.57403912051012,1.0,0.99362636269851,4.711680872953821,596.3764791366161,1.0,1.9120911904469962e-05,0.006373637301489987,-84.23472649053372,804.3396329218551,101671.45792917423,485
127.29420579139597,127.22786816992661,1.0,1.0070454072828903,-5.21079903004636,662.9588520547197,1.0,2.113622184867081e-05,0.00704540728289027,577.724125564186,799.1288338918088,102302.19436082637,486
127.42649322093075,127.49197025686163,1.0,0.9953861260825286,3.2918531107944773,419.68483889136695,1.0,1.3841621752414102e-05,0.004613873917471367,157.03928667281906,802.4206870026032,102406.69351934464,487
127.9217388842518,127.85687728948152,1.0,1.0023470739115203,-1.4728170848588888,188.30979328865484,1.0,7.041221734561009e-06,0.0023470739115203365,344.3490799614739,800.9478699177444,102802.99335547685,488
128.9222505823402,128.85607009325514,1.0,1.0044454798302414,-3.1352928224106336,404.00151168742434,1.0,1.333643949072405e-05,0.00444547983024135,747.3505916488982,797.8125770953337,103603.14357367613,489
129.94535699531065,129.88012507401268,1.0,1.000665004650914,-0.12976369615125805,16.853725086191574,1.0,1.9950139527420417e-06,0.000665004650914014,763.2043167350898,797.6828133991825,104418.38227291562,490
130.42140224719677,130.48804984623013,1.0,0.996327550833885,2.5313241863240137,330.30755660201584,1.0,1.1017347498344932e-05,0.003672449166114977,431.896760133074,800.2141375855065,104796.94668206607,491
130.4103718707523,130.4772223786368,1.0,0.9957945012974099,2.9677877466548352,387.2287017928764,1.0,1.2616496107770381e-05,0.004205498702590127,43.668058340197604,803.1819253321613,104786.92162077417,492
131.23149995527095,131.1635704084683,1.0,1.005877137795464,-4.27929334030739,561.2873933398979,1.0,1.7631413386392183e-05,0.00587713779546406,603.9554516800955,798.9026319918539,105445.14616618492,493
131.37068239268172,131.43820948326817,1.0,0.995326838133175,3.3385624121818864,438.81466570532785,1.0,1.4019485600474945e-05,0.004673161866824982,164.14078597476765,802.2411944040358,105555.11393835298,494
130.8232374206409,130.89089228714695,1.0,0.9942842779311704,4.194701126322229,549.0481733022169,1.0,1.7147166206488927e-05,0.005715722068829643,-385.90738732744927,806.435895530358,105114.64723816774,495
131.34209281561652,131.27340670366027,1.0,1.007651940272443,-5.705192506431331,748.9400562194351,1.0,2.2955820817329277e-05,0.007651940272443092,362.0326688919858,800.7307030239267,105531.67898577444,496
131.0769496931379,131.14462827003712,1.0,0.9945576445549238,3.9662211114363117,520.1485932960885,1.0,1.6327066335228626e-05,0.005442355445076208,-159.1159244041027,804.696924135363,105318.10231870967,497
131.48378040794725,131.41621644574442,1.0,1.0046192566951384,-3.2882002569780298,432.1228366879772,1.0,1.3857770085415222e-05,0.004619256695138407,272.0069122838745,801.408723878385,105644.25557972268,498
131.73896320872953,131.80508521338908,1.0,0.9993610519646068,0.11009012402871576,14.510438178757454,1.0,1.9168441061796495e-06,0.0006389480353932164,256.49647410511704,801.5188140024137,105847.75402307363,499
132.6464041568128,132.57831083198425,1.0,1.0044482239866626,-3.139702375219258,416.25643742173804,1.0,1.3344671959987676e-05,0.004448223986662558,671.7529115268551,798.3791116271944,106573.87122278484,500
132.71268001988977,132.78134821740548,1.0,0.9941933267531637,4.247707979196207,564.0163923115033,1.0,1.7420019740508774e-05,0.005806673246836258,106.73651921535179,802.6268196063907,106625.49280502007,501
133.90911847638995,133.8389480143032,1.0,1.0080051876106308,-5.956684440466233,797.2363791651691,1.0,2.4015562831892545e-05,0.008005187610630848,902.9728983805209,796.6701351659244,107584.3684149159,502
133.77772208019852,133.84836989216677,1.0,0.9906338393026717,7.10781522368336,951.3694811847445,1.0,2.8098482091984955e-05,0.009366160697328318,-49.39658280422361,803.7779503896078,107478.18667860831,503
